name,team_id,uuid
John Tembo,TA886026090,ebbb51a5-5045-46cf-b591-304a9adb2b90
Francisco Hernandez,TA886026090,b8642d0e-de5a-43c5-adec-e074875b8bb6
Albert Adam,TA886026090,cc4d472e-7ae2-4fde-9733-e85cd3de5e17
Wilhelm Becker,TA629718188,04cedd6c-3592-419d-9be4-9406d51a1064
Li Li,TA629718188,2584199b-5f1a-4451-968e-f69faa42326d
Reza Hosseini,TA629718188,e494ed3c-52c6-4f81-b471-bfe090f5fd66
Wilson Ribeiro,TA629718188,2eb81dab-4e74-4646-898f-581e8e9ce119
Bum-Kun Choi,TA776136838,d6a99ed6-3846-4a52-94fa-a600a2423bc7
Shweta Sharma,TA776136838,faaa2b75-d7cc-43d9-acc8-b20d5131484f
Alexei Dobrunov,TA776136838,7f7c0ff5-23fb-4130-902b-b6ef32b0aaa9
Paul Brown,TA706702981,5d5c7c3f-f9ee-4990-990d-9ae836eab577
Fengyi Zhao,TA706702981,3984eb9c-ec6b-4bee-8811-98551837451c
Paul Brown,TA706702981,19c6487b-3119-43e0-ab3e-35cb16342a3a
Paul Brown,TA706702981,16760a47-01bf-4e7f-92dd-88d889f32ed0
Rahul Sharma,TA706702981,678e949a-8475-431a-a678-23a7f7f8607e
Chairil Thielsch,TA601733961,74f4db02-8875-458f-a45a-db7fd428faab
Mohamed Baya,TA601733961,55bbe8b6-e7d0-4f69-9cd7-3fdaf57cca3f
Anant Singh,TA601733961,23c1c091-5576-4fb9-99c3-9ab60139932f
Emperor of Brazil Machado,TA601733961,2bee2601-62a4-4e09-a4f3-28df94757849
Li Zhang,TA413735321,f19c7653-497f-4cdf-afe6-e38771cb466b
Bruno Ferreira,TA413735321,33d7c87a-d4d7-4227-ad68-c21fae8e69eb
Bruno Ferreira,TA413735321,cd5551aa-8486-45ed-bdae-20d7976af2cb
Karim Bajt,TA413735321,27a296c2-e82a-41c0-a081-cbabf11b279a
Anh Ho,TA915057590,a5f2b8ed-44c4-490a-9658-fa2bba429985
Kenji Inoue,TA915057590,ea020642-60d8-4c3e-9b51-a44159b6182b
Eddie Binalshibh,TA915057590,a2fb29fc-c1f2-4b7f-9e17-830b34fc4846
Baktykozha Iglinsky,TA915057590,84a4212d-ec48-482f-87a7-e8028cc05abb
Paolo Colombo,TA314596575,91ff9f66-7e02-4240-9581-50a396603ebc
Ivan Merzhanov,TA314596575,9f25fad7-b127-47df-8164-2eb923e40308
Juan Lopez,TA314596575,04219528-da74-490b-bd7f-756a9898c68e
Abhishek Khan,TA314596575,645abea1-5eeb-4360-a480-3c3482be267b
Yang Zhang,TA436037898,78eb15eb-a973-43d6-9b54-0414a8f1113f
Budi Budjana,TA436037898,0cc717c6-6c1c-42f6-a8bd-2506a315f831
Amit Kumar,TA436037898,7a351614-42df-4a12-b21b-4dff154330b2
Otto Becker,TA436037898,cec55186-b7f7-4fd5-8bb8-0f2314151e84
Bingbing Li,TA436037898,6fb834f0-abbe-4aae-923f-415c8d830c02
Hiroshi Sato,TA272106805,f305360f-c3d2-407b-8249-99d5714ac95a
Bingyi Liu,TA272106805,fdc1bcf2-9b55-4656-b828-7ada7971c42d
Arjun Singh,TA272106805,c4576db4-d640-42e6-a7fd-ee2062a3d583
Abdou Dia,TA272106805,e80328f6-ec40-4d08-9b92-c111060f5251
Arun Singh,TA272106805,5e64d7df-01a7-4708-b2ba-c2f4ecfae54f
Michelle Maclean,TA531233521,741ea289-f2ce-4314-9633-dc2a4bfac2a0
Jorge Araujo Castro,TA531233521,e5b558b9-6613-481f-b859-a29ed2144652
Yang Lei,TA531233521,750483ba-97f2-4eae-8931-ae312a1ee3b4
Jerzy Ciesla,TA531233521,46ebd857-1076-419b-8b86-938b3ba11588
Ali Abdullayev,TA379486547,1281ce9b-6b90-4dda-8165-143f7f2fd582
Mohamed Hassan,TA379486547,8fee256c-2aab-4a5b-bc16-edf16a24451f
Ahsan Qureshi,TA379486547,a9f53703-8515-4acd-82a5-ac4722a78056
Anastasia Balawan,TA379486547,8b01926d-67bf-4fb0-8f34-2454a9b70814
Anton Barun,TA907457214,a06156ad-4776-4ca1-a970-31d4f802436e
Shweta Reddy,TA907457214,192a16ab-d9c4-4c33-90d3-995c0da4042e
Hiroko Suzuki,TA907457214,a0fcbadd-2e82-4cfd-aeb4-b80eda91b686
George Smith,TA577754000,42056f2f-da08-465d-8112-a2085c0d1702
Ashok Kumar,TA577754000,95f03007-6ae0-4a19-bec3-d45081e83b69
Wuttichai Supinyo,TA577754000,367579f8-5b10-4fbf-9231-afc4a7a05407
Lin Zhu,TA294835228,b11bf8c3-02dc-4462-bf75-e933a4d49538
Abdulwahab Hamdan,TA294835228,fdf73892-f42d-465f-a818-cf6d32812a7b
Lin Yang,TA294835228,f0fad96e-aabb-4664-855d-06048989e3af
Juan Manuel Arango,TA719819744,8e32032a-7971-47ac-acb2-1654f84aab2a
A. K. Singh,TA719819744,b8800866-cadb-4849-99d9-0e6e360b893d
Muhammad Anwar,TA719819744,9b70fffc-a004-4155-8079-444ced05c4f9
Javier Martinez,TA719819744,ebe6f5bc-ccfa-414e-93cc-0787e708205b
Nol Chau,TA719819744,44a2216d-27b8-4e76-9b6c-4d6b4c47fb87
Andriy Kogan,TA708424706,79fcec52-bd11-46a6-9acf-48565313ff28
Peng Liu,TA708424706,7b33811d-2e0d-44a2-8507-008516a3c5bc
Andreas Angello,TA708424706,a4a03b8c-febd-4302-98a5-a57a26a99ef5
Anang Gallagher,TA708424706,fb5f15cc-cb35-43c9-93e5-a70c5c162367
Oğuz Ak,TA708424706,6c82000e-3c4b-495c-9be0-b4cbe40f04a4
Bruno Silva,TA172793882,9772458f-d3b2-43d2-89af-a473da1f5fe9
David Miller,TA172793882,effb91af-7185-42e5-b346-7851dc64742b
Chengdong Zhang,TA172793882,3ee1d43f-5f71-4c05-994e-c20ee3e643d6
Anuar Flizzow,TA904994027,11dcee33-05f8-425c-a038-031b94649c62
Shweta Kumar,TA904994027,f7af4c02-492e-49f5-8179-9ec8f5d57fbe
Vasile Boulanger,TA904994027,14bd457d-d861-4063-a3c0-20ca3e692e28
Andrey Bazayev,TA904994027,ec9e85ea-a53d-4a1a-a018-e9effc145720
Anh Ha,TA995570029,e43ef93d-a16f-4192-8b6d-1ffa00af0479
Anh Ha,TA995570029,f76e3a0f-18d5-418e-a0bc-bdae17f88101
Abdala Camara,TA995570029,9dcc31a0-1ff4-4910-b21d-5eb8f269ce85
Angie Kim,TA995570029,e4b85e90-58e2-4581-8af6-f70ce7813646
Henri Aa,TA186931697,b7fd462c-7bfd-4cf9-8bbd-6a767c77408f
Basanta Rana,TA186931697,b72fbafb-6aa3-4581-aece-530c2ceed91f
Ajuma Nasenyana Aga,TA186931697,f421295d-3c07-4ecd-a322-1a6873cdbb93
Paulo Dom Pedro II,TA186931697,4c50ba98-255a-4f5d-b940-27f7345f342f
Shweta Sen,TA186931697,f3d9b818-1371-4e4b-9821-2f0cc939ccdc
M Abeywardena,TA168780750,3900bd09-9256-4f51-8cc6-a9be785dc44e
Lin Li,TA168780750,31ec80a8-bc7d-44d6-b68b-b500b9619615
Jean-Pierre Omonga,TA168780750,50da46e5-da4f-4a17-b1a7-643bd2a30968
Fritz Muller,TA168780750,8693d7f1-54dd-4e10-a87d-e8ff743919f4
Deepak Khan,TA590392989,afcad2df-fc57-4ff1-bd8e-8b663c9d7f8b
Ching Ho,TA590392989,d1fd3100-4fc5-4921-b961-c388fa4cb177
Ales Alex,TA590392989,aab3887c-9fb1-4542-8e22-15832d8638f9
Agustiar Akbar,TA590392989,be1a8e9f-36e2-4ac0-8110-9505786e1c6c
Richard Aquino,TA590392989,11869c69-c986-43d5-8dac-56a41167a117
Adel Hassan,TA476673413,1a7012ef-8eb6-47a4-9e50-c13b8bdf3cfd
Angel Negga,TA476673413,36229245-6f01-4d07-9f34-987d40e8b1df
Adel Hassan,TA476673413,ebc95337-8907-4c52-9014-a130b8ed9593
David Sanchez,TA476673413,c36e4756-72f2-476b-a117-7eddab540b93
Angel Negga,TA476673413,9ddcac5b-44e5-4912-9285-6fc4c0962afd
Pablo Gonzalez,TA128277945,29065c3c-02de-4839-a55f-881dad7f9fe1
Alvaro Escalona,TA128277945,03b9f72f-f0de-4a28-9c07-a687af0912c0
Arturo Araya,TA128277945,aa9f46cd-4e7d-4ca2-9149-04dfc013116d
Ai Xu,TA128277945,856f31ee-5414-4e86-be02-558003002714
Vitor Ferreira,TA128277945,9d867bd8-3ed8-4b65-a464-398316e77565
Ruben Martinez,TA126196670,5403c4a0-b3b9-4c94-bf69-723646ed80f6
Victor Perez,TA126196670,542f5c0b-ab46-4fe5-a103-ea5ae720fd1b
Michael Wilson,TA126196670,773d9f95-8a38-4759-848a-2c6a62d5f8be
Alexander Ivanov,TA126196670,b0e02c25-fdb8-49d0-9fa3-1069e91ebfaf
Enrique Bravo,TA355277357,e7cff570-757f-4795-8de9-fb78098bf899
Charles David,TA355277357,de6bd083-243a-49ce-bff5-dfe93b466cda
Wilhelm Muller,TA355277357,94f9bb84-8fc3-4ba9-a31e-9f999d78a160
Amer Haider Khan Ahmed,TA577340463,54090a33-4860-462d-a1a4-907e7bb0a588
Abdulwahab Binalshibh,TA577340463,5b3c52b1-5094-4b42-b077-5f8212afa303
Warwick Raymond Akerman,TA577340463,b48ae7a9-0443-4a96-bfb3-04a1e302eaf2
Warwick Raymond Akerman,TA577340463,cb72ce30-4392-4d12-ba48-4544208c1f98
Binh Ho,TA787129183,3543d815-be7a-4105-a488-f1e7c3001efb
R. Kumar,TA787129183,9c5f601c-17ee-4f6a-be22-30c6e499f5c3
Sanjay Sharma,TA787129183,c086ebdf-bdb8-4e6c-bc0f-ebd0cdc862ca
Jie Yang,TA335353474,3a7c2481-e6d1-415f-a4ad-3342675b8244
A. Balawan,TA335353474,475cddfe-9670-4c6f-b7f8-32991109c9d6
Ivan Ivanov,TA335353474,36553fb4-cebb-4824-9954-75fd96a9fcc3
Wei Wang,TA335353474,517d94fb-7415-488a-b4d1-a2bc4c6d65ba
Matti Lampi,TA440855807,e5a0dee6-4a15-454f-8eb3-019eb5edc303
R. Nair,TA440855807,7b5ddc7f-66db-4160-8153-1e47cabd8021
Alexandre Patras,TA440855807,7a5e2240-94de-447d-80cd-06fb63afeb8c
John Lee,TA612242554,14879ddc-3317-448a-8d83-6dbfd2bce182
Babu Sherpa Khadka,TA612242554,4b589d14-1c85-4d3b-bf4e-9a644cf27515
Adel Aziz,TA612242554,d1c926cf-ac2f-4aca-b559-473e6b8fbe58
Colin Williams,TA612242554,2e238a44-957d-448f-81dc-01d9cbe18a2e
Anson Wang,TA612242554,8ee20517-d5d9-43bb-a1de-dfc0b87e110d
Joao Silva,TA336981758,172dddbb-4d4e-4721-b2cc-61d801f56e26
Ashok Kapoor,TA336981758,8fe208fc-e5f3-4dd3-adc5-2c637e5a3648
Min-Jung Cha,TA336981758,6a53db36-bb92-4f17-b83a-c018e74a4102
Ali Belaid,TA336981758,9b2ee171-b3b1-4488-9789-66a31d0a88e9
Abdou Dia,TA590283259,2d886bde-de8d-4034-a3dc-d5647d27b11b
Jorge Gonzalez,TA590283259,ed1a6af0-3eba-4318-a5fe-baacb2bd1b24
Fritz Fischer,TA590283259,7dd81b94-73db-4c24-90c8-5786d7ec333f
Peng Xu,TA120420542,2a71d4a0-f123-410b-8054-5927f28df07e
Mohamed Baya,TA120420542,800e1ad5-3bc2-4446-9c6e-4c6023f2f658
Abdul Rashid Wong,TA120420542,c6659db2-056e-46b8-88d8-7d31f243a1eb
Enrique Rodriguez,TA120420542,4b544fc6-34a9-4fe0-91b9-ef6658882169
Steve Campbell,TA120420542,2d3e518b-91c3-4dcb-b29b-0e552f150cd1
Fali Sam Merton,TA140438275,86e21934-766e-47e5-808a-835c31e39c3a
Takeshi Ito,TA140438275,31cc09ce-1e2a-45c3-a8bb-a258f213ef4f
Lin Zhang,TA140438275,b4d00123-3f3f-413d-a6b2-f700a305389f
Wojciech Kaczmarek,TA140438275,d08cf2e5-25ca-4cff-a4d2-fe5d3132c86e
Lin Zhang,TA140438275,098c7147-ee33-4b1b-9df3-36eef8f53024
George Smith,TA891841135,15f14e3b-56bd-4075-9a8d-f99f7e3a4f4a
Chen Yan,TA891841135,1140e8c9-1eb1-4ef5-814e-965cbc6e6ff4
Nikki Aquino,TA891841135,1854ab61-b4b7-4b2e-85bc-353a1c3f8252
Hans Wagner,TA642495557,4692ce78-e5df-4021-9c58-b472a844f638
Hyo-Jin Yang,TA642495557,6185dd16-006c-4daf-94fa-e287c8baf6e2
Abraham Law-Yone,TA642495557,f65e14be-8202-45cc-a15e-3ea7f035b398
Robert Smith,TA642495557,dabebbf5-72ce-4f54-8ecd-282a82e98926
Jose Gonzalez,TA157061104,cda9976d-8c3c-404c-8d57-e188c36762de
Hideo Sato,TA157061104,e6667ad6-4a6c-4fb6-9b74-c13e5928ebac
Carlos David,TA157061104,ad2edf43-f86b-4c40-964b-ae2289c15a4e
Anh Pham,TA201425726,5193b876-f52d-44d7-a21c-458f10719c01
Li Liu,TA201425726,ff8e8fdf-2957-4d33-9b96-05628f018683
Li Liu,TA201425726,fcb312e2-bec6-4beb-af12-828c8568da1a
Ashok Reddy,TA201425726,b8013863-1013-4684-b4a1-4e9c6689d930
Don Nguyen,TA154367993,665d67b6-92eb-476c-80b7-4a63719c96d7
Antonio Mendez,TA154367993,f82bbac4-880e-43c3-9053-cd964606df94
Édouard Lita,TA154367993,764d6650-273e-4463-9b35-003bf92a7854
Andrey Hleb,TA154367993,85f0ddc4-9bee-49af-b4ed-2149f0456b2e
Deepak Singh,TA539859588,109451e6-4897-483b-a696-619fa2846d8f
Emilio Rodriguez,TA539859588,c7d8c42c-794c-4afb-a9c9-8de9a008691e
Alexey Aubakirov,TA539859588,4ba14d70-9ea5-4183-b86f-dba265f8e955
Giovanni Colombo,TA539859588,e2ab4a1a-fd3e-4ef6-989a-cf802940a332
Giovanni Colombo,TA539859588,a338af97-9016-444b-98bb-64f5f22b08b4
Ashok Khan,TA934941458,420026bc-24ab-4bdc-96f1-3325e045b7bc
Giuseppe Donati,TA934941458,905396b2-b1b2-4c3d-a12b-ed225e233f1f
Chen Zhang,TA934941458,d1d43013-6e87-4a96-9a18-f2d0cde9d025
Chen Zhang,TA934941458,a54c6b84-270c-4fc8-9cb5-3973a1386343
Yang Liu,TA485581258,7479eb41-dc29-4c5a-bca2-584d4a8d54a5
Yang Liu,TA485581258,325ffbf1-3454-4d10-9807-63b22cf99f16
Jana Lederer,TA485581258,db09499b-b016-430b-a6a0-0f98acf84f43
A. Babu,TA626050987,bba84547-b00a-4601-bc45-325633164abc
Abdul Baseer Aman,TA626050987,f76cf863-fe3e-45d9-91c5-e717a80b72d7
Shweta Singh,TA626050987,2aef5301-fa06-4ecd-bce9-96dd7318b1e5
Avraham Ben-Shlomo,TA626050987,c5c888c1-a2b8-4137-a37d-3ec290aa9df6
Aleksandr Berman,TA312850426,2e593bd9-3a88-4e49-a0ac-3ee1f7d0165e
Jacqueline Hai,TA312850426,7f7f7680-2ba3-4128-9f59-4a245b1a169e
Aditya Nair,TA312850426,48cc10a4-095f-4ff1-99b6-355518f12e0b
Mirza Kalich Ali,TA526030251,647d5485-8925-4fc4-841c-58cbfe55e441
Bill Smith,TA526030251,0b3c3a50-a78f-4a88-ade8-b6374f1c5979
Sergio Gonzalez,TA526030251,ddf0a8df-56e2-4ba4-80a5-f9b2c838becd
Sanjay Rao,TA526030251,ca9ee713-ebde-484f-9e75-aa062ed40e5e
Anh Lien,TA867797114,05615174-f47a-43e7-8e9d-7edf22946f48
Wei Zhang,TA867797114,9ff2bf1a-3326-4f32-b2ae-663670da6195
Shweta Kumar,TA867797114,289696f1-b7cc-476e-8052-a3df2d1ef96d
Robert Brown,TA867797114,25481306-5d61-4041-ad14-36366fa85eab
John Reyes,TA867797114,0df0087b-4666-40b6-b354-afa0c8a111da
Abdul Ghani Jahani,TA503760491,d3d7bfa4-ee62-463e-9e1b-249303fb3cec
Aaron Cruz,TA503760491,e03c08f4-b527-45e5-9517-e7e5e7b15ef5
Eugenia Dobrunov,TA503760491,29a47842-bfc5-4faf-a3e3-2ff4c100ecc9
Albert Camille Radafison,TA503760491,87fe845f-a43f-4d4b-868c-6f90589d8606
Jie Li,TA503760491,ef2e7454-57d2-462f-b9db-0a2850ca0909
K. Sharma,TA152432320,cebb6e99-e444-4dd9-b4f2-95fb65e1a5c1
Zhang Zhang,TA152432320,587485ad-ed36-4066-ac19-0d549dfef913
Margit Daneu,TA152432320,50fe7fe1-8ead-432c-a46a-cbdd8e8ecb43
Ahmad Rafiq Anwar,TA363334212,28625b42-faec-44b6-8388-bf4b363225cf
Alfonso Agudelo,TA363334212,dc60e282-5799-4ec6-913d-7d160195039f
Giovanni Greco,TA363334212,ab744343-4b6a-4493-a211-124c28be3865
Ashok Kumar,TA948032256,3b507b14-a048-4959-a0c5-83a7f95f3ace
John Bell,TA948032256,a141a97d-e0ae-4db1-9fda-36e53251b3f5
Zhi Yang,TA948032256,cbbd535e-ed77-4100-964e-78e18e7fa303
Zhi Yang,TA948032256,acdc4533-0e06-4902-9c4e-e7247c1133cd
Richard Antonio,TA606169897,3a60ed6c-1fd7-47e1-b952-4de977b8413a
Rudolf Fischer,TA606169897,75deaad1-80c9-4baf-bb83-47fd883f57cf
Arturo Gonzalez,TA606169897,8725b06b-6b47-4044-abcc-e93c34a41cb7
Ayesha Khan,TA606169897,e4404c1d-cb29-4d99-8ec6-1cb862794dcb
George Smith,TA606169897,d31aeaaf-d8d4-4b2c-992a-3e2028d915d1
Dimitrios Dionysiou,TA212260483,aa3b0e69-e986-4d87-97d7-b42e76f16938
Peter Smith,TA212260483,60439b4d-970d-4bfe-b1f5-b483b0ad1a26
Gaby Redl,TA212260483,81cd9833-3dad-4dc4-a61a-1b23e4248e96
Rahamim Caveda,TA212260483,7d734cf5-a470-4722-b1e1-66afbaf32b9e
Tomas Jolson,TA821601682,94a89cb8-2c86-41b8-8d5f-86bc50334bb5
Rafael Gonzalez,TA821601682,2f68cc7a-6129-43be-a4b3-a6e12440d3ec
Taufik Anwar,TA821601682,12047069-a2fe-4a40-8cf1-34c7e84a4335
Chand Herath,TA821601682,c4f2d4c0-2b5c-4820-b6da-7a09eb6621c8
Kurt Fischer,TA821601682,e200598c-2d85-4e91-b456-9a4465182a90
Paul Jones,TA948279077,fc543844-6341-43fc-96d2-6efc937ce00a
Zhang Chen,TA948279077,e0f8dd04-717b-4ab1-9389-cd60c5a14354
James Davis,TA948279077,64c70158-e3be-48e3-b432-a3ab20773379
Ali Motamed,TA948279077,b4dd604e-580e-483b-b89c-edcebd7796de
Édouard Bembo-Leta,TA764969901,76741e36-ce41-4e5d-bc75-5a9b6326bf47
Ibrahim Simsek,TA764969901,e5f74ed5-161b-4754-a0e7-bbec9cd12bd5
Vichara Sihanouk,TA764969901,286f878f-92de-4667-b2e8-d8add03d93f1
Alejandro Sumac,TA618685565,7660694f-a24a-428a-93de-5eb9c1d19ccf
Manuel Garcia,TA618685565,0bdfa779-d425-45e2-98a6-9701143d54a0
Boris Ivanov,TA618685565,f8ed9d11-d1fa-4503-9f11-1f70382220df
Cesar Manalo,TA715898558,a17be400-1260-41aa-80a2-2b8637d8cd39
Hideki Sakai,TA715898558,57e4fa8c-087d-4ce5-896f-245236782c68
Sisavang Moua,TA715898558,2323f0a8-8ef3-4706-9ff7-f9c02b09c02d
Abhishek Reddy,TA715898558,7b072ca4-127c-4095-9ee8-4db428fc106f
Aryo Tobing,TA715898558,0733ed4f-765b-4772-abf7-e17b6113ede4
Barbara Bemba,TA626344481,4a2463fd-9eb2-48ce-9b47-97b154f9a4f7
Batong Nguyen,TA626344481,f8780316-c40f-473f-90f3-f0946c8ea660
Batong Nguyen,TA626344481,93de6e5e-1fcd-48f0-b3fd-c8320aa6831f
Mohamed Bouzid,TA626344481,47bf4096-c7fc-4bac-88fe-fc0dfc80736c
Lei Wang,TA190355921,f104e21c-2121-4f5f-9747-5d6a522e0866
Rudolf Becker,TA190355921,5c0d96ab-c1db-4108-a3bf-b3a6dc537a4b
Agustiar Balawan,TA190355921,f7ef2d3b-ca90-47ac-880a-7a48cf9ba44d
Antonio Santos,TA497599281,591f5b92-8cdd-4182-8377-531aa4a16bb7
A. C. Bos,TA497599281,b8ae6e03-1f59-47b3-83f1-ab7ecd063ba1
Chen Zhang,TA497599281,ca1c68c2-2405-4f47-9ab1-5e64ac4e7c44
Jessica Castillo,TA497599281,072c6281-4380-4d95-b21c-2adde8c06cfb
Sergio Gonzalez,TA497599281,18355d41-59ab-4ba2-9d9c-adce27c9e27c
Andrijana Janevska Arnaudova,TA738917702,b41dd94f-b8c7-4bba-ab0d-99e72f4e8f35
Zahar Omar Hamis Bin Al-Shorabi,TA738917702,c2ddde03-eb06-42b6-af43-f41e1a16450b
Ashok Reddy,TA738917702,84766a83-da75-4b60-8878-a0630ecdba5f
Arun Kumar,TA738917702,9fc97bc1-c3b4-4b6c-a504-1517e1b9bdd3
Peng Zhu,TA642772311,e32c55c5-1fef-4372-bece-97521386cde7
Juan Carlos Bernal,TA642772311,23bb1f55-1064-493c-88e1-2ba0db932c88
Chengdong Li,TA642772311,b124aef5-b3a0-43be-9be2-fdc75b5b0152
Alexandre Oliveira,TA642772311,8998b945-fc8d-4f2c-a17a-428a3c3c108f
Aleksandr Ivanov,TA564264221,c454b5e9-10e5-4378-9134-4e2e621a397b
Rahul Khan,TA564264221,1d3ae405-cd5a-4e7a-9905-054500a74550
Paulo Souza,TA564264221,59179123-80d0-43f1-b9a9-439c89fef3dc
Jun Yang,TA564264221,4fa0a84f-6257-40e7-a971-9be5e0fbe2b7
Arap Obuya,TA564264221,8c9b6e3d-26df-4226-9b0c-67ad7ab36c2f
Francois Dany,TA221090058,d7d74349-6c60-4bfb-b1d6-a23010576666
Andrew Khaki,TA221090058,664eb777-7143-4250-83fd-d4a7422bd4a9
Nim Hu,TA221090058,4c1bfec6-27f5-42dd-bfe0-0e6f71aad345
Sinan Arikan,TA221090058,1d93ad00-63e6-4adf-9a13-1b6956f42fbd
Karan Kumar,TA339278263,5ce0408b-9ac7-49a3-bf94-420da1880dc8
Alexey Ivanov,TA339278263,b05c79e6-a621-4b1d-ab0f-0179438c5030
Jean Bona,TA339278263,4b34b32e-57f9-439f-8479-7d274c6f9a1a
Hilda Castro,TA374508044,1a4805f2-a1b0-41ca-b28c-ddf8632ff225
Abdoulaye Mamani,TA374508044,be7d373f-5bdf-4f66-8815-6b071d498bdd
Manuel Parra,TA374508044,31026885-cca6-474a-bd9a-6e307e56b035
Henri David,TA374508044,22fbab96-eb3b-4f53-a5ee-dcea67707bfa
Shweta Ali,TA608328197,73c146d3-55d9-4972-9d83-190faae6c0fb
Yang Yang,TA608328197,f6dfadce-aaf2-4e9f-acd0-e4c6223e9515
Pavel Andrle,TA608328197,03d5e267-374d-4d79-967d-60bbb49d00a3
Diem Loan,TA608328197,3789117b-a92d-4dd5-a0b1-ff1b61f9712b
Arthur Nys,TA903101066,64d85f0d-dbea-4397-873b-feb0769777fd
Enrique Reyes,TA903101066,769e77e8-fa1d-4c5c-bc8e-62af4e24ad1a
Nikos Dantis,TA903101066,756fb5d8-0b79-488f-b26d-fc630f7f3c43
Nirina Rajoelina,TA903101066,e89b0ff6-cd55-4a9c-abbc-76f34dc27a43
Nikos Dantis,TA903101066,1421deef-d139-4067-845e-4674d3a9fdc5
Li Zhang,TA798643655,3ca354cd-0689-4880-9388-7b510c84449f
Jose Antonio Gonzalez,TA798643655,86725c99-911e-46d8-9f5e-db321f5cf917
Lasantha Perera,TA798643655,c8b6b960-7fdb-4a2d-a05e-d809abc9d911
Robert Jones,TA798643655,790f5229-68fb-408b-a212-1b6c02aa9c39
James Williams,TA798643655,523acbbf-645e-461d-9f8e-f8953fbf3d09
Jose Rodriguez,TA301808588,e9936e95-d86b-4bed-b684-7b8d33c29e42
K. Kumar,TA301808588,b966bce4-29b1-4834-aa10-eec93911a00b
Antonio Reyes,TA301808588,c87f682c-8277-451a-bfe4-13d3d166b913
Pablo Alonso,TA301808588,eb3ee487-6faf-43b3-80e7-b52ab8257920
Zbigniew Żuławski,TA176189140,7afd1f00-b54a-4a47-8cef-79756843d163
John Smith,TA176189140,27db492d-9a03-46c9-ab65-33a47d1681d0
Yang Li,TA176189140,431f1950-ef64-4615-9cc4-f32070ac1b72
Emperor of Brazil Santos,TA176189140,286ea35b-79c1-4dc4-a2c1-56092dae85eb
Nikos Angello,TA176189140,0cb75065-363d-4b03-ab98-cf5864e645e2
V. Chopra,TA744428836,28e0a4f5-e6bd-4648-bbdc-57526fd1bd8c
Ge Wang,TA744428836,462a66e9-db89-45d3-8b63-d3458820762c
Pedro Silva,TA744428836,fb4e75b3-25a5-43e9-96a2-40e9235e7498
Pedro Silva,TA744428836,9e60c1db-071a-4b31-bc4b-084785fe27bb
Jun Chen,TA479089744,a6a734fc-cf39-4c6f-823e-66bcc21e46d7
Tariq Qureshi,TA479089744,f68651d9-b45d-4e7b-bff2-30968827204e
Chen Wang,TA479089744,4508f2b5-d5b6-4c97-930b-f604e0b875cc
Deepak Anand,TA793664475,6ba54319-a375-4852-be7b-308fb05ab0ad
Hiroshi Sato,TA793664475,43e2d6fa-56ce-4026-b147-6572d2812f98
Choling Li,TA793664475,f365f776-a4b0-4acc-a69a-f1f5531c2155
K. Singh,TA968925124,b89ac4aa-6613-408e-80a7-144f5aeead6c
Jun Inoue,TA968925124,80ab5464-3725-46f0-b953-600d4261125e
Ahmad Zakii Lee,TA968925124,909a00e8-6e7f-48cb-94b5-31e48407a3ce
Shabnam Mahkamov,TA968925124,86153e94-30d7-4f7b-8925-769167c4e181
Peng Yang,TA942527407,9420ec04-833e-4003-95fe-68c7123dc8ea
Imran Baloch,TA942527407,778c90a8-9ae7-413f-83b0-0ad3c5824604
C. S. Gupta,TA942527407,e3c92cee-0747-48ec-9fd1-84e7743473df
Richard Smith,TA942527407,a0f625e2-b3b7-48fb-bf49-2b8867dbc505
Andrei Novikov,TA724257934,3bcf1277-1308-448c-ae1c-31c7317033a3
George Elek,TA724257934,28140375-e8b2-4ee9-a398-600c891d3634
Barry Dube,TA724257934,2226a98c-5674-4331-8e47-55b8ba8deeee
Lei Xie,TA724257934,1cdabcf8-20d9-4f12-a410-c65945bdac70
Zhang Zhu,TA830320154,2d72a79b-1c2a-409c-bb1f-2f2f4b1a7011
Grigore Codreanu,TA830320154,11b07d00-a569-42dd-a76b-5f61edf233fe
Ayesha Khan,TA830320154,e4b91c95-ea77-4d9d-9983-11e6d56ce975
Carlos Garcia Ayala,TA830320154,277a39f2-3a86-4602-b032-c1f6b42bc932
Batong Minh,TA990304290,2c2743e9-86f3-45b7-a197-f5e70eb9ca81
Mario Neri,TA990304290,3cedf010-fc6e-461c-a178-7b5176533b30
Yang Yang,TA990304290,74904b8d-6437-4f5e-97fc-a3aa8be9b13f
Ahmad Budjana,TA104061699,0f61c8f0-ebf4-4463-9f8f-461b262f9e6a
Baoping Liu,TA104061699,21bc48c5-12d4-4b27-8687-75e0abde72ab
Baoping Liu,TA104061699,fa862190-922c-4da7-a1eb-18212ea5917b
Shweta Chopra,TA745091926,fdc412b7-3094-43ad-80e1-b5cc1dee6100
Gilberto Alves,TA745091926,3e7c9e2d-a185-45ce-8238-c909d766413c
William Singh,TA745091926,3834b675-ad5c-465d-91e5-13c4c6bf0e8b
John Javed,TA745091926,76152b9f-6def-4c5c-a8bc-87bba2a625d1
Taufik Arief,TA947366531,a2285ccc-835d-4f5f-b98a-e2bc323e0186
Alice Chan,TA947366531,1558d357-2d67-472c-9017-b1ea54556fa6
Ibrahim Arikan,TA947366531,5fe25c9c-ee71-479b-8f86-45d6a21a3ec4
Carlos Mendez,TA947366531,dde652c7-c864-4035-b032-77aa9c76f69f
A. M. M. Perera,TA474842697,a6ab59d8-0654-4bfb-b66a-d6b9290bc044
Frank Ford,TA474842697,a34da81b-6b70-42ef-8f45-4159e1492744
Pisith Nath,TA474842697,e54773a0-bb34-4c29-8637-3694455c94ce
Nikos Giannopoulos,TA474842697,1b568882-cb08-404d-9499-0ff31c06b015
Khanh Ngoc Pham,TA310503855,188a4ed1-4c84-4aa9-81ac-f0ef0e1cdf81
Timo Lampi,TA310503855,9e22465c-af34-471c-9501-60b69da5aa95
Abdelaziz Allouache,TA310503855,ccb4fccf-ffed-48ab-9795-25244416c376
Carlos Dom Pedro II,TA711961282,bec1e8b9-eeb3-4eab-87c5-4364736b1086
Ivan Ignatyevich Hleb,TA711961282,d9cb8dfd-b908-425d-ae7c-e404a6937f48
Megumi Suzuki,TA711961282,e23e47c3-cf4d-43d4-adff-079f72b8abfb
Ivan Ignatyevich Hleb,TA711961282,7c36d016-9170-4832-9b5b-36342d2f5522
Yuki Suzuki,TA711961282,5d7dd840-ff21-45d7-b8ca-0a08d76a5a3f
Robert Smith,TA147361409,5e502b50-46cb-4b75-bfa3-130af5c9febe
Karan Rao,TA147361409,882a4130-2eda-4484-9133-65c2acf9a6b0
Juan Gonzalez,TA147361409,e10e65c9-2201-4f6a-b2a8-6a7db182fdfd
Gurminj Znaimer,TA769697970,5fd2c74c-bbb2-45c5-ad39-d7adb197c003
Jie Chen,TA769697970,f2960ca9-6cea-451f-8bad-abc3d1a0394c
Gurminj Znaimer,TA769697970,034af2db-9ab6-4159-9f4a-9073d7a99aa5
Sanjay Rao,TA769697970,a4f841a7-682c-4646-810d-a554e25ee047
Sirak Dego,TA158105062,3b9fff3c-cd3e-4fbf-bca7-ea357b26fd28
V. Rao,TA158105062,5c2d073b-c465-4c73-a78a-9e0aa1999857
Li Xu,TA158105062,fb834924-fc40-4d8d-b06f-302e8aba78b1
Wim Buysse,TA692547504,36899843-8106-47ec-8d01-aed9ea7fcde5
Albert Camille Aly,TA692547504,2b164588-4448-4bfc-b026-a39c1821b5aa
Roberto Alonso,TA692547504,500ffc90-06f8-41b6-9ea5-e33e0191edce
Joseph Sharma,TA692547504,e61b053c-70df-4190-916a-c8ab691c2a87
Mahmoud Mekawy,TA299032350,1d6d8f82-c76d-4329-b3e1-67a53597bbd9
Joseph Sharma,TA299032350,c4ad5d28-ebcd-42e6-913b-821fa084f586
Juliana Silva,TA299032350,969cd240-8efd-47c5-93d6-18d3f6614fbc
Jacqueline Pham,TA299032350,f854236c-d68a-4097-8283-f3197cdbaa6b
Adje van den Berg Vries,TA635239853,0ebccd91-f23a-451e-8aa3-70f5512ccbfe
Jie Wang,TA635239853,48d0244a-b95e-4a81-8bee-4a8b2f03b9b8
Antonio Rodriguez,TA635239853,57cf4cf0-b15d-4cff-bd37-2d39664f65ee
Jun Wu,TA766903461,1cbf1bc7-cdfc-4a01-a5b3-4a76c9d459e7
Jun Wu,TA766903461,f48650dc-3f00-479b-831c-f493d4afefc7
Ashok Singh,TA766903461,ef6be3a0-0989-4df7-a619-1789c2e232e5
Yusuke Sato,TA766903461,b50ccf60-a450-42b6-bd39-3ed0b01fc496
Yang Chen,TA892036085,4652a89e-e6a3-446c-aacc-8aa3a92b1412
John Rao,TA892036085,959d54cf-d0b4-40db-87b1-c61985d82b6b
James Evans,TA892036085,a2215ee4-443b-4ce5-8467-2f42849587a0
Yang Chen,TA892036085,48de98e3-0d3b-4c54-90d2-3f9fb2d0b017
Ayesha Khan,TA929596994,d0a53adb-7317-4eec-a979-75eae47c89f3
Jun Kato,TA929596994,7306b629-20d2-4755-be1c-44a643d51e46
Benedict Yang,TA929596994,b2d2b74a-642f-47c9-9984-cc1bbedf199b
Benedict Yang,TA929596994,377f97ed-ae1b-430f-8db9-2885f59fe8f8
Tariq Amjad,TA929596994,091ee747-33f8-48fa-84ec-f2f9fb5c1fbe
Aditya Kumar,TA194382414,5311f936-4edd-43f8-82d2-404cf79c5f2d
A. Kapoor,TA194382414,b7d0d3dd-ddbe-4641-8a4d-59c2c9a305ee
Abbas Hosseini,TA194382414,ee1e0f32-b7e1-4745-a5f9-0510e5220a70
Hussein Badreddin Al- Binalshibh,TA194382414,cd279ab9-5baa-47fe-946a-489ca325ff3a
Marc Zozimar,TA194382414,26272010-a418-467e-8310-4f4964ef453f
Bing Liu,TA406397679,33254ed3-f611-4d98-a4ba-b7021ede054a
Deepak Singh,TA406397679,72c802c0-2b46-488f-8c22-e1e216fb5487
Hao Zhang,TA406397679,738d8626-f04e-43c4-9995-a8f04f9be6be
Seung-Hoon Yang,TA315543346,ccad9937-e507-4881-9df3-3425b7b244aa
Choi Chinbat,TA315543346,acac611c-f797-4e36-8577-c11ab0056a9f
Rafael Suissa,TA315543346,f1ca9749-644b-48a7-9f37-f207fd73bcc7
Richard Obuya,TA419272167,3ddfeccc-b1b6-447c-a8e4-d34c89f00d22
Muhammad Anwar,TA419272167,90dd1f19-d01a-4eee-b6bf-1ebf17829f22
Rahul Anand,TA419272167,a1cb393d-0b9f-4c08-b813-ac9579ee4ff4
Dieu Hoa Loan,TA131456888,3dd3713a-d8b7-48ef-b187-28de6e8eff30
Nikolai Kofler,TA131456888,1ac34528-5738-4100-9e93-4ce7c70933bf
Andrei Latchina,TA131456888,fcfe6106-10f7-4d46-a5d4-2ea4831b8b60
Deepak Khan,TA131456888,fd1838cd-1787-40bb-a284-c41086e3eb77
Hassan Kamkar,TA131456888,78ba2a77-afce-4892-85cf-43c79af76610
Guillermo Bernal,TA123656353,bdfa6fc1-496f-4553-bb55-c936974ad2cc
Hyo-Jin Lee,TA123656353,3a0fd143-9660-4080-92f6-521fde5f0f8c
Michele Almirante,TA123656353,145b0ac4-668f-4d44-a194-83299d768c80
Francisco Parra,TA123656353,6bf43437-08d2-410a-ae2e-63149cb15eaf
Manuel Garcia,TA123656353,be42e9f8-596b-429c-b691-65e1cd357157
Abdullah Omar,TA550463014,96e61ace-4a4b-4f5f-8d61-a21ac391d141
Ashok Kumar,TA550463014,ab75be17-666e-411a-8954-3ca4536004db
Adil Dar,TA550463014,9f73c10e-8b3e-4087-8bf8-98c8e6455639
Fritz Hoffmann,TA550463014,b05edb06-1be3-4376-9718-d63d5ddfab13
Chen Zhang,TA924651032,648e5b3d-6a39-4ad7-90c6-cdebff622fa5
Yang He,TA924651032,4aaee5ad-5183-434c-acc6-406189fc89c6
Peng Li,TA924651032,9b165a9b-bffa-46b5-986c-baba28fa3f8c
Chen Zhang,TA924651032,c742f9ee-c212-423d-8143-90fcb0faa408
Samuel Burak,TA258310083,f4fef0ba-1b87-4306-9c37-bf6c9728c6fc
Seung-Won Kang,TA258310083,125505f6-8476-498f-8165-f98ed171a587
Ben Zhu,TA258310083,548dcab0-1c9c-4028-bce4-f7b15a9145ee
Ben Zhu,TA258310083,797526ff-ef2a-49e6-8218-0bf0ea92c5d7
Wei Zhang,TA278851388,6f954c97-1105-4b11-9b99-38c9b40cca3a
Betty Nurfaizah,TA278851388,dfc8b03e-7101-4083-8434-276eb3178fff
Zhong Chen,TA278851388,28654d1c-1ce8-418a-8f02-989f1ee6d626
Ulf Larsson,TA278851388,7f33ef01-fd0c-4068-9a93-c3d691d6afb2
Aleksandr Aab,TA278851388,0cc15e91-a47c-43a8-84d7-a6e43f77620f
Mikhail Berman,TA321680893,81702a49-7c62-4358-b9f4-0aa21a4527b0
Imtiaz Ahmed,TA321680893,ed9ecfa0-f257-481c-954d-0e3983fd6aa1
Abimael Castillo,TA321680893,e932ef54-3d0f-4e88-8ed3-fadc640373a3
Muhammad Khan,TA321680893,60076e79-ed5a-42e7-bc0f-ca6b9583ead5
Rafael Da Silva,TA321680893,d7f38bce-9b70-4a14-8987-f523e5319a77
Koji Suzuki,TA591317453,7c238b77-73fb-4de2-a917-1085114137c1
Amit Khan,TA591317453,9a2dc24c-d0ed-4d38-928f-f7d4b8b1a7ad
Rafael Alves,TA591317453,8b0bf560-2e78-4806-9c60-5c06fdac7f1e
Lukwesa Latham,TA591317453,a444c694-ed09-4ef0-bc24-38dce5ea04f7
Wilhelm Muller,TA434991744,29fb691f-4fc2-4278-b007-4a12d5b3af7f
Aburizal Balawan,TA434991744,57cea1e6-af6f-4c58-af2b-392180d96d75
Chong Zhang,TA434991744,80cb5b5e-0b4d-44df-b30d-b7440e46af7d
Lin Li,TA434991744,b300e44b-bfdc-4fad-a347-ed8e789d4c07
Otto Bauer,TA753870439,1e0aac41-9a28-47dd-8a7c-71b4fcbf430f
Chen Wang,TA753870439,b4e96536-a9aa-4f27-86e7-a2baada70d9e
Anson Wang,TA753870439,807fc3b5-2183-4310-a458-e8ab89f349cb
Preap Dara,TA321770435,0c162ff9-5b57-4d35-979e-825bb6b9d504
Nico Mertens,TA321770435,3cc420de-a32a-4301-a3e3-0d8040493ce0
Jose Cruz,TA321770435,8798de21-e3b6-4b88-b178-7ffd156ab4ff
Richard Brown,TA930029115,c2773072-ba45-4065-ad6d-8b019b58dd79
Frank Clark,TA930029115,b880429b-fb73-491c-9f45-5c3b30768b5e
Richard Brown,TA930029115,ce1bd1a9-46cd-4c9a-894a-d7d1e8c4b183
John Wilson,TA374560312,3809a9aa-a8ff-4ed8-9fd9-b2de1771c3d1
James Hall,TA374560312,829f16db-8048-4b73-8596-45397e9c5ca8
Rafael Peretz,TA374560312,4e83c939-0aa2-464d-b4e9-3c3fb950458f
Walter Muller,TA389322401,22192c89-096f-464a-9cdc-9508f18f52e8
Deepak Khan,TA389322401,90b2eee8-94a6-4ff9-9577-19bfbb68544e
Gyula Szabo,TA389322401,47c605c6-7fd8-48df-9e54-4a9f1ccf802b
R. Sharma,TA389322401,04545655-b6c0-4e91-a916-d739e4ddfb4d
